,img_id,cx_pred,cy_pred,cx,cy
0,C00056030075hf,0.10082223266363144,0.1008768379688263,0.49849624060150377,0.4744360902255639
1,C00056530071vf,0.10082223266363144,0.1008768379688263,0.4887218045112782,0.47518796992481205
2,C00055420077,0.10082223266363144,0.1008768379688263,0.674436090225564,0.4421052631578947
3,C00055420127,0.10082223266363144,0.1008768379688263,0.6827067669172933,0.43909774436090226
4,C00055830112vf,0.10082223266363144,0.1008768379688263,0.5984962406015037,0.48345864661654137
5,C00055360099hf,0.10082223266363144,0.1008768379688263,0.5263157894736842,0.5218045112781955
6,C00056350087vf,0.10082223266363144,0.1008768379688263,0.47067669172932336,0.34285714285714286
7,C00055900053vf,0.10082223266363144,0.1008768379688263,0.49022556390977445,0.49624060150375937
8,C00055320113hf,0.10082223266363144,0.1008768379688263,0.5233082706766917,0.4827067669172932
9,C00055730089,0.10082223266363144,0.1008768379688263,0.45037593984962404,0.4691729323308271
10,C00055660073,0.10082223266363144,0.1008768379688263,0.46766917293233085,0.4774436090225564
11,C00056310080,0.10082223266363144,0.1008768379688263,0.2586466165413534,0.4180451127819549
12,C00055680061,0.10082223266363144,0.1008768379688263,0.44586466165413535,0.3977443609022556
13,C00056370069,0.10082223266363144,0.1008768379688263,0.5353383458646617,0.42330827067669174
14,C00055390072,0.10082223266363144,0.1008768379688263,0.6714285714285714,0.49097744360902257
15,C00056380096,0.10082223266363144,0.1008768379688263,0.4120300751879699,0.4932330827067669
16,C00055870109,0.10082223266363144,0.1008768379688263,0.412781954887218,0.5233082706766917
17,C00056330062,0.10082223266363144,0.1008768379688263,0.4932330827067669,0.6676691729323309
18,C00055870085vf,0.10082223266363144,0.1008768379688263,0.587218045112782,0.524812030075188
19,C00055360050hf,0.10082223266363144,0.1008768379688263,0.5293233082706766,0.5218045112781955
20,C00055540102,0.10082223266363144,0.1008768379688263,0.6526315789473685,0.5052631578947369
21,C00056150070vf,0.10082223266363144,0.1008768379688263,0.5398496240601504,0.4270676691729323
22,C00056090071,0.10082223266363144,0.1008768379688263,0.44511278195488724,0.5503759398496241
23,C00055510114hf,0.10082223266363144,0.1008768379688263,0.39097744360902253,0.4496240601503759
24,C00055880102,0.10082223266363144,0.1008768379688263,0.6135338345864662,0.3849624060150376
25,C00055810070vf,0.10082223266363144,0.1008768379688263,0.6225563909774436,0.49699248120300754
26,C00056100122hf,0.10082223266363144,0.1008768379688263,0.34887218045112783,0.4887218045112782
27,C00055740100hf,0.10082223266363144,0.1008768379688263,0.5593984962406015,0.6330827067669174
28,C00055530044vf,0.10082223266363144,0.1008768379688263,0.5909774436090225,0.44511278195488724
29,C00055330064,0.10082223266363144,0.1008768379688263,0.45413533834586467,0.556390977443609
30,C00055870081vf,0.10082223266363144,0.1008768379688263,0.587218045112782,0.524812030075188
31,C00055660051hf,0.10082223266363144,0.1008768379688263,0.46766917293233085,0.5225563909774436
32,C00055900061hf,0.10082223266363144,0.1008768379688263,0.5142857142857142,0.5105263157894737
33,C00055320065,0.10082223266363144,0.1008768379688263,0.5225563909774437,0.5195488721804511
34,C00055870030vf,0.10082223266363144,0.1008768379688263,0.587218045112782,0.5255639097744361
35,C00055310046hf,0.10082223266363144,0.1008768379688263,0.48796992481203005,0.41428571428571426
36,C00055390164hf,0.10082223266363144,0.1008768379688263,0.6766917293233082,0.5007518796992481
37,C00056550028hf,0.10082223266363144,0.1008768379688263,0.48120300751879697,0.4977443609022556
38,C00056150058hf,0.10082223266363144,0.1008768379688263,0.46015037593984964,0.5729323308270677
39,C00056560106vf,0.10082223266363144,0.1008768379688263,0.4759398496240601,0.46766917293233085
40,C00056370064hf,0.10082223266363144,0.1008768379688263,0.5390977443609023,0.575187969924812
41,C00055330086hf,0.10082223266363144,0.1008768379688263,0.45413533834586467,0.443609022556391
42,C00056150096,0.10082223266363144,0.1008768379688263,0.46015037593984964,0.4270676691729323
43,C00056360100,0.10082223266363144,0.1008768379688263,0.4992481203007519,0.4842105263157895
44,C00055540015,0.10082223266363144,0.1008768379688263,0.649624060150376,0.5082706766917293
45,C00055300078vf,0.10082223266363144,0.1008768379688263,0.6157894736842106,0.5293233082706766
46,C00056310110,0.10082223266363144,0.1008768379688263,0.2661654135338346,0.43082706766917295
47,C00056320047vf,0.10082223266363144,0.1008768379688263,0.518796992481203,0.5172932330827068
48,C00055310056hf,0.10082223266363144,0.1008768379688263,0.48872180451127817,0.4150375939849624
49,C00055700020,0.10082223266363144,0.1008768379688263,0.4270676691729323,0.4781954887218045
50,C00055740134,0.10082223266363144,0.1008768379688263,0.5593984962406015,0.3669172932330827
51,C00055680082vf,0.10082223266363144,0.1008768379688263,0.5503759398496241,0.3894736842105263
52,C00055760050hf,0.10082223266363144,0.1008768379688263,0.5150375939849624,0.5045112781954888
53,C00055830074hf,0.10082223266363144,0.1008768379688263,0.4052631578947368,0.5127819548872181
54,C00056310051vf,0.10082223266363144,0.1008768379688263,0.7345864661654136,0.42030075187969923
55,C00056350051hf,0.10082223266363144,0.1008768379688263,0.5293233082706766,0.6571428571428571
56,C00055680129,0.10082223266363144,0.1008768379688263,0.45413533834586467,0.3827067669172932
57,C00055510106vf,0.10082223266363144,0.1008768379688263,0.6090225563909775,0.5503759398496241
58,C00055810054,0.10082223266363144,0.1008768379688263,0.37593984962406013,0.4992481203007519
59,C00055870040,0.10082223266363144,0.1008768379688263,0.40977443609022557,0.5240601503759399
60,C00056310083,0.10082223266363144,0.1008768379688263,0.2586466165413534,0.4180451127819549
61,C00056540036vf,0.10082223266363144,0.1008768379688263,0.3609022556390977,0.5902255639097744
62,C00055650099hf,0.10082223266363144,0.1008768379688263,0.5684210526315789,0.5308270676691729
63,C00055540015hf,0.10082223266363144,0.1008768379688263,0.649624060150376,0.4917293233082707
64,C00055510085hf,0.10082223266363144,0.1008768379688263,0.3924812030075188,0.45112781954887216
65,C00055470073vf,0.10082223266363144,0.1008768379688263,0.6090225563909775,0.49022556390977445
66,C00055680094hf,0.10082223266363144,0.1008768379688263,0.45413533834586467,0.6172932330827068
67,C00055880108hf,0.10082223266363144,0.1008768379688263,0.6135338345864662,0.6150375939849624
68,C00055450061hf,0.10082223266363144,0.1008768379688263,0.5390977443609023,0.37142857142857144
69,C00056350089hf,0.10082223266363144,0.1008768379688263,0.5293233082706766,0.6571428571428571
70,C00055730091hf,0.10082223266363144,0.1008768379688263,0.45037593984962404,0.5308270676691729
71,C00055320011,0.10082223266363144,0.1008768379688263,0.5203007518796993,0.5263157894736842
72,C00055360100hf,0.10082223266363144,0.1008768379688263,0.5263157894736842,0.5218045112781955
73,C00056010085vf,0.10082223266363144,0.1008768379688263,0.4676691729323308,0.6135338345864662
74,C00055560090,0.10082223266363144,0.1008768379688263,0.5165413533834586,0.5210526315789473
75,C00055550052,0.10082223266363144,0.1008768379688263,0.5488721804511278,0.3323308270676692
76,C00055900046hf,0.10082223266363144,0.1008768379688263,0.5097744360902255,0.5037593984962406
77,C00055830097,0.10082223266363144,0.1008768379688263,0.40150375939849625,0.48345864661654137
78,C00055450080hf,0.10082223266363144,0.1008768379688263,0.5406015037593985,0.3661654135338346
79,C00056330124,0.10082223266363144,0.1008768379688263,0.4932330827067669,0.6676691729323309
80,C00056380139vf,0.10082223266363144,0.1008768379688263,0.58796992481203,0.4932330827067669
81,C00055740105vf,0.10082223266363144,0.1008768379688263,0.44060150375939855,0.3669172932330827
82,C00055860070vf,0.10082223266363144,0.1008768379688263,0.4195488721804511,0.5413533834586466
83,C00055370086vf,0.10082223266363144,0.1008768379688263,0.4593984962406015,0.4766917293233083
84,C00055560072,0.10082223266363144,0.1008768379688263,0.5157894736842106,0.518796992481203
85,C00055400039hf,0.10082223266363144,0.1008768379688263,0.4842105263157895,0.49473684210526314
86,C00055870062hf,0.10082223266363144,0.1008768379688263,0.40902255639097745,0.4766917293233083
87,C00055300097hf,0.10082223266363144,0.1008768379688263,0.3849624060150376,0.47067669172932336
88,C00055660064vf,0.10082223266363144,0.1008768379688263,0.5323308270676692,0.4774436090225564
89,C00055660080,0.10082223266363144,0.1008768379688263,0.47443609022556393,0.4699248120300752
90,C00056030086vf,0.10082223266363144,0.1008768379688263,0.5015037593984962,0.5255639097744361
91,C00055560094,0.10082223266363144,0.1008768379688263,0.5165413533834586,0.5210526315789473
92,C00056310112hf,0.10082223266363144,0.1008768379688263,0.26766917293233083,0.5654135338345865
93,C00056340094,0.10082223266363144,0.1008768379688263,0.4180451127819549,0.5894736842105263
94,C00055410050vf,0.10082223266363144,0.1008768379688263,0.6090225563909775,0.5255639097744361
95,C00056160040vf,0.10082223266363144,0.1008768379688263,0.7022556390977444,0.5293233082706766
96,C00055870032hf,0.10082223266363144,0.1008768379688263,0.4120300751879699,0.4744360902255639
97,C00056370029vf,0.10082223266363144,0.1008768379688263,0.456390977443609,0.4263157894736842
98,C00055680113hf,0.10082223266363144,0.1008768379688263,0.45413533834586467,0.6172932330827068
99,C00056540066hf,0.10082223266363144,0.1008768379688263,0.6338345864661654,0.4045112781954887
100,C00056180051hf,0.10082223266363144,0.1008768379688263,0.42105263157894735,0.675187969924812
101,C00056030037vf,0.10082223266363144,0.1008768379688263,0.49699248120300754,0.5263157894736842
102,C00055740133vf,0.10082223266363144,0.1008768379688263,0.44060150375939855,0.3669172932330827
103,C00055760041hf,0.10082223266363144,0.1008768379688263,0.5165413533834586,0.5060150375939849
104,C00056040075vf,0.10082223266363144,0.1008768379688263,0.5556390977443608,0.3631578947368421
105,C00055390117hf,0.10082223266363144,0.1008768379688263,0.675187969924812,0.5022556390977444
106,C00055390081vf,0.10082223266363144,0.1008768379688263,0.32781954887218046,0.4932330827067669
107,C00055700037hf,0.10082223266363144,0.1008768379688263,0.4330827067669173,0.5157894736842106
108,C00055310110vf,0.10082223266363144,0.1008768379688263,0.5157894736842106,0.5924812030075188
109,C00056360104,0.10082223266363144,0.1008768379688263,0.4992481203007519,0.4842105263157895
110,C00055390124,0.10082223266363144,0.1008768379688263,0.6766917293233082,0.4992481203007519
111,C00056330086hf,0.10082223266363144,0.1008768379688263,0.4932330827067669,0.33233082706766914
112,C00056370093hf,0.10082223266363144,0.1008768379688263,0.5323308270676692,0.5781954887218045
113,C00055870069,0.10082223266363144,0.1008768379688263,0.4112781954887218,0.5233082706766917
114,C00055450061,0.10082223266363144,0.1008768379688263,0.5390977443609023,0.6285714285714286
115,C00055660068vf,0.10082223266363144,0.1008768379688263,0.5323308270676692,0.4774436090225564
116,C00056030032vf,0.10082223266363144,0.1008768379688263,0.49924812030075183,0.5270676691729324
117,C00056530091vf,0.10082223266363144,0.1008768379688263,0.4887218045112782,0.47518796992481205
118,C00056360074hf,0.10082223266363144,0.1008768379688263,0.4992481203007519,0.5157894736842106
119,C00055670085,0.10082223266363144,0.1008768379688263,0.5323308270676692,0.5714285714285714
120,C00055550027,0.10082223266363144,0.1008768379688263,0.5586466165413534,0.3360902255639098
121,C00055690048hf,0.10082223266363144,0.1008768379688263,0.5233082706766917,0.4195488721804511
122,C00055610092vf,0.10082223266363144,0.1008768379688263,0.47969924812030074,0.49022556390977445
123,C00055700098hf,0.10082223266363144,0.1008768379688263,0.4330827067669173,0.5157894736842106
124,C00056350054,0.10082223266363144,0.1008768379688263,0.5293233082706766,0.34285714285714286
125,C00056340079hf,0.10082223266363144,0.1008768379688263,0.4180451127819549,0.41052631578947374
126,C00056360106hf,0.10082223266363144,0.1008768379688263,0.4992481203007519,0.5157894736842106
127,C00055730059vf,0.10082223266363144,0.1008768379688263,0.5496240601503759,0.4691729323308271
128,C00056380087vf,0.10082223266363144,0.1008768379688263,0.58796992481203,0.493984962406015
129,C00055870084,0.10082223266363144,0.1008768379688263,0.412781954887218,0.524812030075188
130,C00055370048hf,0.10082223266363144,0.1008768379688263,0.5383458646616541,0.524812030075188
131,C00056360078hf,0.10082223266363144,0.1008768379688263,0.4992481203007519,0.5157894736842106
132,C00056060085,0.10082223266363144,0.1008768379688263,0.45112781954887216,0.6796992481203008
133,C00055470076,0.10082223266363144,0.1008768379688263,0.39097744360902253,0.49022556390977445
134,C00056540051hf,0.10082223266363144,0.1008768379688263,0.6398496240601503,0.4052631578947369
135,C00055660047hf,0.10082223266363144,0.1008768379688263,0.46766917293233085,0.5225563909774436
136,C00055460058,0.10082223266363144,0.1008768379688263,0.4691729323308271,0.45714285714285713
137,C00055530066vf,0.10082223266363144,0.1008768379688263,0.5646616541353384,0.4616541353383459
138,C00055310039,0.10082223266363144,0.1008768379688263,0.48872180451127817,0.5849624060150376
139,C00055510055,0.10082223266363144,0.1008768379688263,0.3954887218045113,0.5548872180451128
140,C00056170039,0.10082223266363144,0.1008768379688263,0.3819548872180451,0.5112781954887218
141,C00055800124vf,0.10082223266363144,0.1008768379688263,0.5932330827067669,0.48947368421052634
142,C00055760069vf,0.10082223266363144,0.1008768379688263,0.48571428571428577,0.49624060150375937
143,C00055560057,0.10082223266363144,0.1008768379688263,0.512781954887218,0.5195488721804511
144,C00055830093,0.10082223266363144,0.1008768379688263,0.4045112781954887,0.48270676691729325
145,C00056160062hf,0.10082223266363144,0.1008768379688263,0.29774436090225564,0.47067669172932336
146,C00056180052hf,0.10082223266363144,0.1008768379688263,0.42105263157894735,0.675187969924812
147,C00055680090vf,0.10082223266363144,0.1008768379688263,0.5458646616541354,0.3827067669172932
148,C00056010073hf,0.10082223266363144,0.1008768379688263,0.5323308270676692,0.38646616541353385
149,C00056060075,0.10082223266363144,0.1008768379688263,0.45112781954887216,0.6796992481203008
150,C00056040114vf,0.10082223266363144,0.1008768379688263,0.5556390977443608,0.3631578947368421
151,C00055360092vf,0.10082223266363144,0.1008768379688263,0.4736842105263158,0.4781954887218045
152,C00055390139,0.10082223266363144,0.1008768379688263,0.6766917293233082,0.4992481203007519
153,C00055690111,0.10082223266363144,0.1008768379688263,0.5233082706766917,0.5804511278195489
154,C00056160081hf,0.10082223266363144,0.1008768379688263,0.29774436090225564,0.47067669172932336
155,C00056310046vf,0.10082223266363144,0.1008768379688263,0.7383458646616541,0.41729323308270677
156,C00056310149,0.10082223266363144,0.1008768379688263,0.2736842105263158,0.44511278195488724
157,C00055520157vf,0.10082223266363144,0.1008768379688263,0.34135338345864663,0.2887218045112782
158,C00056350053,0.10082223266363144,0.1008768379688263,0.5293233082706766,0.34285714285714286
159,C00055540039hf,0.10082223266363144,0.1008768379688263,0.649624060150376,0.4917293233082707
160,C00055550071vf,0.10082223266363144,0.1008768379688263,0.4526315789473684,0.3368421052631579
161,C00055740103vf,0.10082223266363144,0.1008768379688263,0.44060150375939855,0.3669172932330827
162,C00055700050hf,0.10082223266363144,0.1008768379688263,0.4330827067669173,0.5157894736842106
163,C00055760060,0.10082223266363144,0.1008768379688263,0.5067669172932331,0.49624060150375937
164,C00055890078,0.10082223266363144,0.1008768379688263,0.5729323308270676,0.5661654135338345
165,C00056310128hf,0.10082223266363144,0.1008768379688263,0.2736842105263158,0.5548872180451128
166,C00055400104,0.10082223266363144,0.1008768379688263,0.4842105263157895,0.5052631578947369
167,C00056350039vf,0.10082223266363144,0.1008768379688263,0.47067669172932336,0.34285714285714286
168,C00055330018,0.10082223266363144,0.1008768379688263,0.45413533834586467,0.556390977443609
169,C00056550083,0.10082223266363144,0.1008768379688263,0.4781954887218045,0.4992481203007519
170,C00056360089vf,0.10082223266363144,0.1008768379688263,0.5007518796992481,0.4842105263157895
171,C00055510102vf,0.10082223266363144,0.1008768379688263,0.6090225563909775,0.5503759398496241
172,C00056090098vf,0.10082223266363144,0.1008768379688263,0.5548872180451128,0.5503759398496241
173,C00055830057,0.10082223266363144,0.1008768379688263,0.4142857142857143,0.48721804511278194
174,C00056350104,0.10082223266363144,0.1008768379688263,0.5293233082706766,0.34285714285714286
175,C00056380081hf,0.10082223266363144,0.1008768379688263,0.4120300751879699,0.5045112781954888
176,C00055870082hf,0.10082223266363144,0.1008768379688263,0.412781954887218,0.4744360902255639
177,C00055370123vf,0.10082223266363144,0.1008768379688263,0.45563909774436095,0.4842105263157895
178,C00055560072hf,0.10082223266363144,0.1008768379688263,0.5157894736842106,0.48120300751879697
179,C00056140056vf,0.10082223266363144,0.1008768379688263,0.5218045112781955,0.6526315789473685
180,C00055400077hf,0.10082223266363144,0.1008768379688263,0.4842105263157895,0.49473684210526314
181,C00055450045vf,0.10082223266363144,0.1008768379688263,0.4593984962406015,0.6338345864661654
182,C00055880124,0.10082223266363144,0.1008768379688263,0.6210526315789474,0.3827067669172932
183,C00055300030vf,0.10082223266363144,0.1008768379688263,0.6240601503759399,0.5263157894736842
184,C00055330015,0.10082223266363144,0.1008768379688263,0.45413533834586467,0.556390977443609
185,C00055320029,0.10082223266363144,0.1008768379688263,0.5225563909774437,0.5263157894736842
186,C00055450121vf,0.10082223266363144,0.1008768379688263,0.4609022556390977,0.6285714285714286
187,C00056340090,0.10082223266363144,0.1008768379688263,0.4180451127819549,0.5894736842105263
188,C00056040061hf,0.10082223266363144,0.1008768379688263,0.4443609022556391,0.6368421052631579
189,C00055470062,0.10082223266363144,0.1008768379688263,0.39097744360902253,0.49022556390977445
190,C00055750096hf,0.10082223266363144,0.1008768379688263,0.40601503759398494,0.4766917293233083
191,C00055670083vf,0.10082223266363144,0.1008768379688263,0.4676691729323308,0.5714285714285714
192,C00056110086hf,0.10082223266363144,0.1008768379688263,0.6165413533834586,0.5609022556390977
193,C00056110081,0.10082223266363144,0.1008768379688263,0.6165413533834586,0.43909774436090226
194,C00056530070,0.10082223266363144,0.1008768379688263,0.5112781954887218,0.47518796992481205
195,C00056370036vf,0.10082223266363144,0.1008768379688263,0.456390977443609,0.4263157894736842
196,C00056160055hf,0.10082223266363144,0.1008768379688263,0.29774436090225564,0.47067669172932336
197,C00055740043vf,0.10082223266363144,0.1008768379688263,0.44511278195488724,0.3684210526315789
198,C00056560067,0.10082223266363144,0.1008768379688263,0.5240601503759399,0.46766917293233085
199,C00056540045,0.10082223266363144,0.1008768379688263,0.6390977443609023,0.5902255639097744
200,C00055460053vf,0.10082223266363144,0.1008768379688263,0.5210526315789474,0.47593984962406016
201,C00055300026hf,0.10082223266363144,0.1008768379688263,0.37593984962406013,0.4736842105263158
202,C00055550123hf,0.10082223266363144,0.1008768379688263,0.5473684210526316,0.6631578947368422
203,C00055680086vf,0.10082223266363144,0.1008768379688263,0.5533834586466165,0.3924812030075188
204,C00055700029hf,0.10082223266363144,0.1008768379688263,0.43082706766917295,0.5180451127819549
205,C00056090052,0.10082223266363144,0.1008768379688263,0.44511278195488724,0.5503759398496241
206,C00055800084vf,0.10082223266363144,0.1008768379688263,0.58796992481203,0.5022556390977444
207,C00056150051hf,0.10082223266363144,0.1008768379688263,0.46015037593984964,0.5729323308270677
208,C00055540037,0.10082223266363144,0.1008768379688263,0.649624060150376,0.5082706766917293
209,C00055860074hf,0.10082223266363144,0.1008768379688263,0.5804511278195489,0.4586466165413534
210,C00055360021hf,0.10082223266363144,0.1008768379688263,0.5293233082706766,0.5218045112781955
211,C00055760024vf,0.10082223266363144,0.1008768379688263,0.4977443609022556,0.49624060150375937
212,C00055480096,0.10082223266363144,0.1008768379688263,0.47218045112781953,0.5864661654135338
213,C00055760082,0.10082223266363144,0.1008768379688263,0.5165413533834586,0.5090225563909775
214,C00055660050hf,0.10082223266363144,0.1008768379688263,0.46766917293233085,0.5225563909774436
215,C00055360017hf,0.10082223266363144,0.1008768379688263,0.5293233082706766,0.5218045112781955
216,C00056310111vf,0.10082223266363144,0.1008768379688263,0.7330827067669172,0.4323308270676692
217,C00056090070,0.10082223266363144,0.1008768379688263,0.44511278195488724,0.5503759398496241
218,C00055880074vf,0.10082223266363144,0.1008768379688263,0.38646616541353385,0.37894736842105264
219,C00055660110hf,0.10082223266363144,0.1008768379688263,0.47443609022556393,0.5300751879699248
220,C00056320045hf,0.10082223266363144,0.1008768379688263,0.48120300751879697,0.4827067669172932
221,C00055870033vf,0.10082223266363144,0.1008768379688263,0.58796992481203,0.524812030075188
222,C00055420078,0.10082223266363144,0.1008768379688263,0.675187969924812,0.4413533834586466
223,C00056310104,0.10082223266363144,0.1008768379688263,0.26015037593984963,0.42030075187969923
224,C00055370086,0.10082223266363144,0.1008768379688263,0.5406015037593985,0.4766917293233083
225,C00055520153,0.10082223266363144,0.1008768379688263,0.6586466165413534,0.2887218045112782
226,C00055690047,0.10082223266363144,0.1008768379688263,0.5233082706766917,0.5804511278195489
227,C00056180085hf,0.10082223266363144,0.1008768379688263,0.4195488721804511,0.6789473684210526
228,C00055680073hf,0.10082223266363144,0.1008768379688263,0.45263157894736844,0.6150375939849624
229,C00055330050hf,0.10082223266363144,0.1008768379688263,0.45413533834586467,0.443609022556391
230,C00056100122vf,0.10082223266363144,0.1008768379688263,0.6511278195488721,0.5112781954887218
231,C00055460085vf,0.10082223266363144,0.1008768379688263,0.5308270676691729,0.45714285714285713
232,C00056140098hf,0.10082223266363144,0.1008768379688263,0.47218045112781953,0.34135338345864663
233,C00056370030vf,0.10082223266363144,0.1008768379688263,0.456390977443609,0.4263157894736842
234,C00055760034hf,0.10082223266363144,0.1008768379688263,0.51203007518797,0.5052631578947369
235,C00056330076,0.10082223266363144,0.1008768379688263,0.4932330827067669,0.6676691729323309
236,C00056010056vf,0.10082223266363144,0.1008768379688263,0.4676691729323308,0.6135338345864662
237,C00055900062hf,0.10082223266363144,0.1008768379688263,0.5142857142857142,0.5105263157894737
238,C00055540105hf,0.10082223266363144,0.1008768379688263,0.6526315789473685,0.49473684210526314
239,C00055680112vf,0.10082223266363144,0.1008768379688263,0.5458646616541354,0.3827067669172932
240,C00055530042hf,0.10082223266363144,0.1008768379688263,0.40902255639097745,0.5548872180451128
241,C00056100112,0.10082223266363144,0.1008768379688263,0.34887218045112783,0.5112781954887218
242,C00055800119,0.10082223266363144,0.1008768379688263,0.4105263157894737,0.49774436090225566
243,C00055660078,0.10082223266363144,0.1008768379688263,0.47443609022556393,0.4699248120300752
244,C00055410030vf,0.10082223266363144,0.1008768379688263,0.6052631578947368,0.5210526315789473
245,C00055390143,0.10082223266363144,0.1008768379688263,0.6766917293233082,0.4992481203007519
246,C00055450109vf,0.10082223266363144,0.1008768379688263,0.4609022556390977,0.6285714285714286
247,C00055520128vf,0.10082223266363144,0.1008768379688263,0.34135338345864663,0.2887218045112782
248,C00055370110vf,0.10082223266363144,0.1008768379688263,0.45563909774436095,0.4842105263157895
249,C00055420096hf,0.10082223266363144,0.1008768379688263,0.6842105263157895,0.5609022556390977
250,C00055700109hf,0.10082223266363144,0.1008768379688263,0.4330827067669173,0.5157894736842106
251,C00055690122hf,0.10082223266363144,0.1008768379688263,0.5233082706766917,0.4195488721804511
252,C00056010051vf,0.10082223266363144,0.1008768379688263,0.4676691729323308,0.6135338345864662
253,C00055690064,0.10082223266363144,0.1008768379688263,0.5233082706766917,0.5804511278195489
254,C00055700108hf,0.10082223266363144,0.1008768379688263,0.4330827067669173,0.5157894736842106
255,C00056040047vf,0.10082223266363144,0.1008768379688263,0.5556390977443608,0.3631578947368421
256,C00055480063vf,0.10082223266363144,0.1008768379688263,0.5278195488721804,0.5864661654135338
257,C00055400029vf,0.10082223266363144,0.1008768379688263,0.5172932330827067,0.5007518796992482
258,C00055410060hf,0.10082223266363144,0.1008768379688263,0.38646616541353385,0.47293233082706765
259,C00056090098hf,0.10082223266363144,0.1008768379688263,0.44511278195488724,0.4496240601503759
260,C00055670113hf,0.10082223266363144,0.1008768379688263,0.5323308270676692,0.4285714285714286
261,C00055470077,0.10082223266363144,0.1008768379688263,0.39097744360902253,0.49022556390977445
262,C00055450108,0.10082223266363144,0.1008768379688263,0.5390977443609023,0.6285714285714286
263,C00055730071hf,0.10082223266363144,0.1008768379688263,0.45037593984962404,0.5308270676691729
264,C00055530068,0.10082223266363144,0.1008768379688263,0.40902255639097745,0.44511278195488724
265,C00056100049,0.10082223266363144,0.1008768379688263,0.34887218045112783,0.5172932330827068
266,C00056520071hf,0.10082223266363144,0.1008768379688263,0.631578947368421,0.43157894736842106
267,C00056560063,0.10082223266363144,0.1008768379688263,0.5240601503759399,0.46766917293233085
268,C00056370018hf,0.10082223266363144,0.1008768379688263,0.543609022556391,0.5736842105263158
269,C00055890045vf,0.10082223266363144,0.1008768379688263,0.424812030075188,0.5609022556390978
270,C00055540027vf,0.10082223266363144,0.1008768379688263,0.350375939849624,0.5082706766917293
271,C00056160076vf,0.10082223266363144,0.1008768379688263,0.7022556390977444,0.5293233082706766
272,C00055690124vf,0.10082223266363144,0.1008768379688263,0.4766917293233083,0.5804511278195489
273,C00055370087,0.10082223266363144,0.1008768379688263,0.5413533834586466,0.4766917293233083
274,C00055540073,0.10082223266363144,0.1008768379688263,0.6526315789473685,0.5052631578947369
275,C00055860092hf,0.10082223266363144,0.1008768379688263,0.5804511278195489,0.4586466165413534
276,C00055320026vf,0.10082223266363144,0.1008768379688263,0.4781954887218045,0.5263157894736842
277,C00055760058vf,0.10082223266363144,0.1008768379688263,0.4909774436090225,0.49624060150375937
278,C00055740093hf,0.10082223266363144,0.1008768379688263,0.5593984962406015,0.6330827067669174
279,C00056540060,0.10082223266363144,0.1008768379688263,0.6338345864661654,0.5954887218045113
280,C00056100105,0.10082223266363144,0.1008768379688263,0.34887218045112783,0.5112781954887218
281,C00055550031vf,0.10082223266363144,0.1008768379688263,0.44285714285714284,0.33383458646616543
282,C00056550033vf,0.10082223266363144,0.1008768379688263,0.518796992481203,0.5022556390977444
283,C00055360097vf,0.10082223266363144,0.1008768379688263,0.4736842105263158,0.4781954887218045
284,C00055730054vf,0.10082223266363144,0.1008768379688263,0.5496240601503759,0.4691729323308271
285,C00055750063vf,0.10082223266363144,0.1008768379688263,0.6,0.5263157894736842
286,C00056170070vf,0.10082223266363144,0.1008768379688263,0.6195488721804512,0.5075187969924813
287,C00055610087vf,0.10082223266363144,0.1008768379688263,0.47969924812030074,0.49022556390977445
288,C00056340100,0.10082223266363144,0.1008768379688263,0.4180451127819549,0.5894736842105263
289,C00056030093vf,0.10082223266363144,0.1008768379688263,0.5015037593984962,0.5255639097744361
290,C00055520097hf,0.10082223266363144,0.1008768379688263,0.6593984962406015,0.7240601503759398
291,C00056520077vf,0.10082223266363144,0.1008768379688263,0.368421052631579,0.5684210526315789
292,C00055730074vf,0.10082223266363144,0.1008768379688263,0.5496240601503759,0.4691729323308271
293,C00055540085,0.10082223266363144,0.1008768379688263,0.6526315789473685,0.5052631578947369
294,C00056180036vf,0.10082223266363144,0.1008768379688263,0.5789473684210527,0.324812030075188
295,C00055370052hf,0.10082223266363144,0.1008768379688263,0.5383458646616541,0.524812030075188
296,C00055730093,0.10082223266363144,0.1008768379688263,0.45037593984962404,0.4691729323308271
297,C00056110113vf,0.10082223266363144,0.1008768379688263,0.3834586466165414,0.43909774436090226
298,C00055680127,0.10082223266363144,0.1008768379688263,0.45413533834586467,0.3827067669172932
299,C00055750102,0.10082223266363144,0.1008768379688263,0.40601503759398494,0.5233082706766917
300,C00056040043vf,0.10082223266363144,0.1008768379688263,0.5556390977443608,0.3631578947368421
301,C00055550085,0.10082223266363144,0.1008768379688263,0.5488721804511278,0.3368421052631579
302,C00056090071vf,0.10082223266363144,0.1008768379688263,0.5548872180451128,0.5503759398496241
303,C00056530069hf,0.10082223266363144,0.1008768379688263,0.5112781954887218,0.524812030075188
304,C00056520099,0.10082223266363144,0.1008768379688263,0.631578947368421,0.5684210526315789
305,C00055690060hf,0.10082223266363144,0.1008768379688263,0.5233082706766917,0.4195488721804511
306,C00055540088hf,0.10082223266363144,0.1008768379688263,0.6526315789473685,0.49473684210526314
307,C00055420117,0.10082223266363144,0.1008768379688263,0.6842105263157895,0.43909774436090226
308,C00056140070hf,0.10082223266363144,0.1008768379688263,0.4781954887218045,0.34736842105263155
309,C00055730043vf,0.10082223266363144,0.1008768379688263,0.5496240601503759,0.4691729323308271
310,C00056040102vf,0.10082223266363144,0.1008768379688263,0.5556390977443608,0.3631578947368421
311,C00055870111,0.10082223266363144,0.1008768379688263,0.412781954887218,0.5233082706766917
312,C00056030053hf,0.10082223266363144,0.1008768379688263,0.5007518796992482,0.4744360902255639
313,C00055390146,0.10082223266363144,0.1008768379688263,0.6766917293233082,0.4992481203007519
314,C00055560055vf,0.10082223266363144,0.1008768379688263,0.48796992481203005,0.518796992481203
315,C00055660049,0.10082223266363144,0.1008768379688263,0.46766917293233085,0.4774436090225564
316,C00056320099hf,0.10082223266363144,0.1008768379688263,0.48120300751879697,0.4827067669172932
317,C00055360031vf,0.10082223266363144,0.1008768379688263,0.47067669172932336,0.4781954887218045
318,C00056110059,0.10082223266363144,0.1008768379688263,0.6165413533834586,0.43909774436090226
319,C00055700086hf,0.10082223266363144,0.1008768379688263,0.4330827067669173,0.5157894736842106
320,C00056160076hf,0.10082223266363144,0.1008768379688263,0.29774436090225564,0.47067669172932336
321,C00056110088vf,0.10082223266363144,0.1008768379688263,0.3834586466165414,0.43909774436090226
322,C00056550047,0.10082223266363144,0.1008768379688263,0.4789473684210526,0.4924812030075188
323,C00056380107,0.10082223266363144,0.1008768379688263,0.4120300751879699,0.4932330827067669
324,C00056330121,0.10082223266363144,0.1008768379688263,0.4932330827067669,0.6676691729323309
325,C00055540087,0.10082223266363144,0.1008768379688263,0.6526315789473685,0.5052631578947369
326,C00055300044vf,0.10082223266363144,0.1008768379688263,0.6210526315789473,0.5278195488721804
327,C00055320056hf,0.10082223266363144,0.1008768379688263,0.5233082706766917,0.4804511278195489
328,C00056100106hf,0.10082223266363144,0.1008768379688263,0.34887218045112783,0.4887218045112782
329,C00055330085hf,0.10082223266363144,0.1008768379688263,0.45413533834586467,0.443609022556391
330,C00055520063hf,0.10082223266363144,0.1008768379688263,0.6616541353383458,0.7127819548872181
331,C00055300061,0.10082223266363144,0.1008768379688263,0.3774436090225564,0.5270676691729324
332,C00055450080,0.10082223266363144,0.1008768379688263,0.5406015037593985,0.6338345864661654
333,C00056170035,0.10082223266363144,0.1008768379688263,0.3819548872180451,0.5112781954887218
334,C00055390083vf,0.10082223266363144,0.1008768379688263,0.32781954887218046,0.493984962406015
335,C00055400023,0.10082223266363144,0.1008768379688263,0.48195488721804514,0.49699248120300754
336,C00055320064vf,0.10082223266363144,0.1008768379688263,0.47744360902255634,0.518796992481203
337,C00056090077,0.10082223266363144,0.1008768379688263,0.44511278195488724,0.5503759398496241
338,C00055410059vf,0.10082223266363144,0.1008768379688263,0.6135338345864662,0.5270676691729324
339,C00055370100,0.10082223266363144,0.1008768379688263,0.544360902255639,0.48045112781954885
340,C00056140097,0.10082223266363144,0.1008768379688263,0.47218045112781953,0.6586466165413534
341,C00055530070vf,0.10082223266363144,0.1008768379688263,0.5909774436090225,0.44511278195488724
342,C00056330128vf,0.10082223266363144,0.1008768379688263,0.5067669172932331,0.6676691729323309
343,C00056140097hf,0.10082223266363144,0.1008768379688263,0.47218045112781953,0.34135338345864663
344,C00055310030hf,0.10082223266363144,0.1008768379688263,0.49022556390977445,0.41654135338345866
345,C00056160073,0.10082223266363144,0.1008768379688263,0.29774436090225564,0.5293233082706766
346,C00055810093vf,0.10082223266363144,0.1008768379688263,0.6225563909774436,0.49624060150375937
347,C00056380062vf,0.10082223266363144,0.1008768379688263,0.58796992481203,0.49548872180451126
348,C00056520074hf,0.10082223266363144,0.1008768379688263,0.631578947368421,0.43157894736842106
349,C00056180048hf,0.10082223266363144,0.1008768379688263,0.42105263157894735,0.675187969924812
350,C00055880080hf,0.10082223266363144,0.1008768379688263,0.6135338345864662,0.6210526315789473
351,C00055330014,0.10082223266363144,0.1008768379688263,0.45413533834586467,0.556390977443609
352,C00056040025,0.10082223266363144,0.1008768379688263,0.4443609022556391,0.3631578947368421
353,C00055550061hf,0.10082223266363144,0.1008768379688263,0.5473684210526316,0.6646616541353383
354,C00055540124,0.10082223266363144,0.1008768379688263,0.6526315789473685,0.5052631578947369
355,C00056140064vf,0.10082223266363144,0.1008768379688263,0.5218045112781955,0.6526315789473685
356,C00055890084hf,0.10082223266363144,0.1008768379688263,0.5729323308270676,0.43383458646616546
357,C00055880136,0.10082223266363144,0.1008768379688263,0.6255639097744361,0.3849624060150376
358,C00055610037,0.10082223266363144,0.1008768379688263,0.5203007518796993,0.49022556390977445
359,C00055760055,0.10082223266363144,0.1008768379688263,0.512781954887218,0.49624060150375937
360,C00056060053vf,0.10082223266363144,0.1008768379688263,0.5488721804511278,0.6796992481203008
361,C00055890098,0.10082223266363144,0.1008768379688263,0.5729323308270676,0.5661654135338345
362,C00055300095vf,0.10082223266363144,0.1008768379688263,0.6150375939849624,0.5293233082706766
363,C00055480105hf,0.10082223266363144,0.1008768379688263,0.47218045112781953,0.4135338345864662
364,C00055320022,0.10082223266363144,0.1008768379688263,0.5218045112781955,0.5263157894736842
365,C00056530121,0.10082223266363144,0.1008768379688263,0.5112781954887218,0.47518796992481205
366,C00056030013hf,0.10082223266363144,0.1008768379688263,0.49849624060150377,0.4721804511278196
367,C00056110088hf,0.10082223266363144,0.1008768379688263,0.6165413533834586,0.5609022556390977
368,C00055320113vf,0.10082223266363144,0.1008768379688263,0.4766917293233083,0.5172932330827068
369,C00055330042vf,0.10082223266363144,0.1008768379688263,0.5458646616541354,0.556390977443609
370,C00055740088,0.10082223266363144,0.1008768379688263,0.5593984962406015,0.3669172932330827
371,C00055480022,0.10082223266363144,0.1008768379688263,0.47218045112781953,0.5864661654135338
372,C00055420085hf,0.10082223266363144,0.1008768379688263,0.6789473684210526,0.5593984962406016
373,C00055760061hf,0.10082223266363144,0.1008768379688263,0.5052631578947369,0.5037593984962406
374,C00055390113,0.10082223266363144,0.1008768379688263,0.674436090225564,0.49699248120300754
375,C00056350079vf,0.10082223266363144,0.1008768379688263,0.47067669172932336,0.34285714285714286
376,C00055880103,0.10082223266363144,0.1008768379688263,0.6135338345864662,0.3849624060150376
377,C00056520067hf,0.10082223266363144,0.1008768379688263,0.631578947368421,0.43157894736842106
378,C00055870127vf,0.10082223266363144,0.1008768379688263,0.587218045112782,0.5233082706766917
379,C00055550085hf,0.10082223266363144,0.1008768379688263,0.5488721804511278,0.6631578947368422
380,C00055870090vf,0.10082223266363144,0.1008768379688263,0.587218045112782,0.5233082706766917
381,C00055480114,0.10082223266363144,0.1008768379688263,0.47218045112781953,0.5864661654135338
382,C00055470093hf,0.10082223266363144,0.1008768379688263,0.39097744360902253,0.5097744360902255
383,C00055560049hf,0.10082223266363144,0.1008768379688263,0.512781954887218,0.4842105263157894
384,C00055420141,0.10082223266363144,0.1008768379688263,0.6827067669172933,0.43909774436090226
385,C00056350075hf,0.10082223266363144,0.1008768379688263,0.5293233082706766,0.6571428571428571
386,C00056380068vf,0.10082223266363144,0.1008768379688263,0.58796992481203,0.49473684210526314
387,C00055610068hf,0.10082223266363144,0.1008768379688263,0.5203007518796993,0.5097744360902255
388,C00055680141,0.10082223266363144,0.1008768379688263,0.45413533834586467,0.3827067669172932
389,C00055680108,0.10082223266363144,0.1008768379688263,0.45413533834586467,0.3827067669172932
390,C00056170098hf,0.10082223266363144,0.1008768379688263,0.37894736842105264,0.4977443609022556
391,C00056030070vf,0.10082223266363144,0.1008768379688263,0.5015037593984962,0.5263157894736842
392,C00056370043hf,0.10082223266363144,0.1008768379688263,0.543609022556391,0.5736842105263158
393,C00055740055hf,0.10082223266363144,0.1008768379688263,0.556390977443609,0.6330827067669174
394,C00056350091,0.10082223266363144,0.1008768379688263,0.5293233082706766,0.34285714285714286
395,C00055810080vf,0.10082223266363144,0.1008768379688263,0.6233082706766917,0.49699248120300754
396,C00056530087hf,0.10082223266363144,0.1008768379688263,0.5112781954887218,0.524812030075188
397,C00055410099,0.10082223266363144,0.1008768379688263,0.3804511278195489,0.5255639097744361
398,C00055560082,0.10082223266363144,0.1008768379688263,0.5157894736842106,0.5180451127819549
399,C00056150084vf,0.10082223266363144,0.1008768379688263,0.5398496240601504,0.4270676691729323
400,C00055800109vf,0.10082223266363144,0.1008768379688263,0.5954887218045113,0.4842105263157895
401,C00055890042,0.10082223266363144,0.1008768379688263,0.575187969924812,0.5609022556390978
402,C00055370053hf,0.10082223266363144,0.1008768379688263,0.5383458646616541,0.524812030075188
403,C00055300050hf,0.10082223266363144,0.1008768379688263,0.381203007518797,0.4714285714285714
404,C00056010074,0.10082223266363144,0.1008768379688263,0.5323308270676692,0.6135338345864662
405,C00056320102hf,0.10082223266363144,0.1008768379688263,0.48120300751879697,0.4827067669172932
406,C00055560065vf,0.10082223266363144,0.1008768379688263,0.4849624060150376,0.5203007518796993
407,C00055740027,0.10082223266363144,0.1008768379688263,0.5533834586466165,0.3699248120300752
408,C00055760026vf,0.10082223266363144,0.1008768379688263,0.4954887218045113,0.49548872180451126
409,C00055830087,0.10082223266363144,0.1008768379688263,0.4112781954887218,0.48195488721804514
410,C00056090099,0.10082223266363144,0.1008768379688263,0.44511278195488724,0.5503759398496241
411,C00055310099,0.10082223266363144,0.1008768379688263,0.4842105263157895,0.5924812030075188
412,C00056320121vf,0.10082223266363144,0.1008768379688263,0.518796992481203,0.5172932330827068
413,C00056340088hf,0.10082223266363144,0.1008768379688263,0.4180451127819549,0.41052631578947374
414,C00056530112vf,0.10082223266363144,0.1008768379688263,0.4887218045112782,0.47518796992481205
415,C00055680100,0.10082223266363144,0.1008768379688263,0.45413533834586467,0.3827067669172932
416,C00055870075vf,0.10082223266363144,0.1008768379688263,0.587218045112782,0.5233082706766917
417,C00055310073,0.10082223266363144,0.1008768379688263,0.4857142857142857,0.5924812030075188
418,C00055520133hf,0.10082223266363144,0.1008768379688263,0.6586466165413534,0.7112781954887217
419,C00055540036,0.10082223266363144,0.1008768379688263,0.649624060150376,0.5082706766917293
420,C00056100118,0.10082223266363144,0.1008768379688263,0.34887218045112783,0.5112781954887218
421,C00055550118,0.10082223266363144,0.1008768379688263,0.5473684210526316,0.3368421052631579
422,C00056100065vf,0.10082223266363144,0.1008768379688263,0.6511278195488721,0.5135338345864662
423,C00056530068,0.10082223266363144,0.1008768379688263,0.5112781954887218,0.47518796992481205
424,C00056370091hf,0.10082223266363144,0.1008768379688263,0.5323308270676692,0.5781954887218045
425,C00055870098,0.10082223266363144,0.1008768379688263,0.412781954887218,0.5233082706766917
426,C00055830052vf,0.10082223266363144,0.1008768379688263,0.5827067669172932,0.48345864661654137
427,C00056350054vf,0.10082223266363144,0.1008768379688263,0.47067669172932336,0.34285714285714286
428,C00055800136vf,0.10082223266363144,0.1008768379688263,0.5969924812030075,0.48120300751879697
429,C00056350102vf,0.10082223266363144,0.1008768379688263,0.47067669172932336,0.34285714285714286
430,C00055760060vf,0.10082223266363144,0.1008768379688263,0.4932330827067669,0.49624060150375937
431,C00056330087hf,0.10082223266363144,0.1008768379688263,0.4932330827067669,0.33233082706766914
432,C00055670066hf,0.10082223266363144,0.1008768379688263,0.5323308270676692,0.43157894736842106
433,C00055740075,0.10082223266363144,0.1008768379688263,0.5541353383458647,0.36917293233082704
434,C00056320082vf,0.10082223266363144,0.1008768379688263,0.518796992481203,0.5172932330827068
435,C00055670067,0.10082223266363144,0.1008768379688263,0.5323308270676692,0.5691729323308271
436,C00055520060vf,0.10082223266363144,0.1008768379688263,0.33834586466165417,0.2879699248120301
437,C00056040109vf,0.10082223266363144,0.1008768379688263,0.5556390977443608,0.3631578947368421
438,C00055670073vf,0.10082223266363144,0.1008768379688263,0.4676691729323308,0.5714285714285714
439,C00055660055vf,0.10082223266363144,0.1008768379688263,0.5323308270676692,0.4774436090225564
440,C00055550052hf,0.10082223266363144,0.1008768379688263,0.5488721804511278,0.6676691729323307
441,C00056560057hf,0.10082223266363144,0.1008768379688263,0.5240601503759399,0.5323308270676692
442,C00055320117,0.10082223266363144,0.1008768379688263,0.5233082706766917,0.5172932330827068
443,C00055870085,0.10082223266363144,0.1008768379688263,0.412781954887218,0.524812030075188
444,C00056380049hf,0.10082223266363144,0.1008768379688263,0.4120300751879699,0.5037593984962406
445,C00055370115vf,0.10082223266363144,0.1008768379688263,0.45563909774436095,0.4842105263157895
446,C00055460036vf,0.10082223266363144,0.1008768379688263,0.5127819548872181,0.49022556390977445
447,C00056310151,0.10082223266363144,0.1008768379688263,0.2736842105263158,0.44511278195488724
448,C00056380093hf,0.10082223266363144,0.1008768379688263,0.4120300751879699,0.5067669172932331
449,C00055410110,0.10082223266363144,0.1008768379688263,0.3804511278195489,0.5255639097744361
450,C00055800149hf,0.10082223266363144,0.1008768379688263,0.4030075187969925,0.518796992481203
451,C00055360079,0.10082223266363144,0.1008768379688263,0.5263157894736842,0.4781954887218045
452,C00056530082,0.10082223266363144,0.1008768379688263,0.5112781954887218,0.47518796992481205
453,C00056560093hf,0.10082223266363144,0.1008768379688263,0.5240601503759399,0.5323308270676692
454,C00055410039,0.10082223266363144,0.1008768379688263,0.39473684210526316,0.5225563909774437
455,C00055810076hf,0.10082223266363144,0.1008768379688263,0.3774436090225564,0.5037593984962406
456,C00055700087,0.10082223266363144,0.1008768379688263,0.4330827067669173,0.4842105263157895
457,C00055750087,0.10082223266363144,0.1008768379688263,0.4,0.524812030075188
458,C00056030043vf,0.10082223266363144,0.1008768379688263,0.4954887218045113,0.5255639097744361
459,C00055880171hf,0.10082223266363144,0.1008768379688263,0.6255639097744361,0.6150375939849624
460,C00056370015hf,0.10082223266363144,0.1008768379688263,0.543609022556391,0.5736842105263158
461,C00055880102hf,0.10082223266363144,0.1008768379688263,0.6135338345864662,0.6150375939849624
462,C00056010060,0.10082223266363144,0.1008768379688263,0.5323308270676692,0.6135338345864662
463,C00055660045hf,0.10082223266363144,0.1008768379688263,0.46766917293233085,0.5225563909774436
464,C00056540079vf,0.10082223266363144,0.1008768379688263,0.3661654135338346,0.5954887218045113
465,C00056560078vf,0.10082223266363144,0.1008768379688263,0.4759398496240601,0.46766917293233085
466,C00055870115,0.10082223266363144,0.1008768379688263,0.412781954887218,0.5233082706766917
467,C00056550049hf,0.10082223266363144,0.1008768379688263,0.4781954887218045,0.5097744360902255
468,C00055750085hf,0.10082223266363144,0.1008768379688263,0.39849624060150374,0.47518796992481205
469,C00056550004vf,0.10082223266363144,0.1008768379688263,0.518796992481203,0.5022556390977444
470,C00056340051vf,0.10082223266363144,0.1008768379688263,0.5819548872180451,0.5894736842105263
471,C00056360114hf,0.10082223266363144,0.1008768379688263,0.4992481203007519,0.5157894736842106
472,C00055690055vf,0.10082223266363144,0.1008768379688263,0.4766917293233083,0.5804511278195489
473,C00055410087,0.10082223266363144,0.1008768379688263,0.3804511278195489,0.5255639097744361
474,C00055650052hf,0.10082223266363144,0.1008768379688263,0.5684210526315789,0.5308270676691729
475,C00056110045vf,0.10082223266363144,0.1008768379688263,0.3872180451127819,0.45112781954887216
476,C00055400078vf,0.10082223266363144,0.1008768379688263,0.5157894736842106,0.5052631578947369
477,C00055300037hf,0.10082223266363144,0.1008768379688263,0.37593984962406013,0.4736842105263158
478,C00055870128hf,0.10082223266363144,0.1008768379688263,0.412781954887218,0.4766917293233083
479,C00056180048,0.10082223266363144,0.1008768379688263,0.42105263157894735,0.324812030075188
480,C00055520130vf,0.10082223266363144,0.1008768379688263,0.34135338345864663,0.2887218045112782
481,C00056040059hf,0.10082223266363144,0.1008768379688263,0.4443609022556391,0.6368421052631579
482,C00055540085vf,0.10082223266363144,0.1008768379688263,0.34736842105263155,0.5052631578947369
483,C00055900072hf,0.10082223266363144,0.1008768379688263,0.5142857142857142,0.5105263157894737
484,C00055450119vf,0.10082223266363144,0.1008768379688263,0.4609022556390977,0.6285714285714286
485,C00055520115vf,0.10082223266363144,0.1008768379688263,0.34135338345864663,0.2887218045112782
486,C00056330066,0.10082223266363144,0.1008768379688263,0.4932330827067669,0.6676691729323309
487,C00056330068hf,0.10082223266363144,0.1008768379688263,0.4932330827067669,0.33233082706766914
488,C00055550073,0.10082223266363144,0.1008768379688263,0.5511278195488721,0.3368421052631579
489,C00056330058hf,0.10082223266363144,0.1008768379688263,0.4932330827067669,0.33233082706766914
490,C00056360117vf,0.10082223266363144,0.1008768379688263,0.5007518796992481,0.4842105263157895
491,C00056530119,0.10082223266363144,0.1008768379688263,0.5112781954887218,0.47518796992481205
492,C00055880128hf,0.10082223266363144,0.1008768379688263,0.6248120300751879,0.6157894736842106
493,C00056060039hf,0.10082223266363144,0.1008768379688263,0.45112781954887216,0.3203007518796992
494,C00055760085vf,0.10082223266363144,0.1008768379688263,0.4827067669172932,0.5112781954887218
495,C00055360066hf,0.10082223266363144,0.1008768379688263,0.5263157894736842,0.5218045112781955
496,C00055550073hf,0.10082223266363144,0.1008768379688263,0.5511278195488721,0.6631578947368422
497,C00056520068,0.10082223266363144,0.1008768379688263,0.631578947368421,0.5684210526315789
498,C00055550043,0.10082223266363144,0.1008768379688263,0.5526315789473685,0.32857142857142857
499,C00056310049vf,0.10082223266363144,0.1008768379688263,0.7360902255639098,0.418796992481203
500,C00055740098vf,0.10082223266363144,0.1008768379688263,0.44060150375939855,0.3669172932330827
501,C00056110064,0.10082223266363144,0.1008768379688263,0.6165413533834586,0.43909774436090226
502,C00055320073hf,0.10082223266363144,0.1008768379688263,0.5210526315789473,0.4759398496240601
503,C00056030068,0.10082223266363144,0.1008768379688263,0.49849624060150377,0.5263157894736842
504,C00055820092hf,0.10082223266363144,0.1008768379688263,0.5255639097744361,0.31879699248120297
505,C00055320093,0.10082223266363144,0.1008768379688263,0.5233082706766917,0.5172932330827068
506,C00055670083hf,0.10082223266363144,0.1008768379688263,0.5323308270676692,0.4285714285714286
507,C00055830101vf,0.10082223266363144,0.1008768379688263,0.5984962406015037,0.48345864661654137
508,C00055450113vf,0.10082223266363144,0.1008768379688263,0.4609022556390977,0.6285714285714286
509,C00055370088,0.10082223266363144,0.1008768379688263,0.5413533834586466,0.4766917293233083
510,C00056180074vf,0.10082223266363144,0.1008768379688263,0.5789473684210527,0.324812030075188
511,C00056330133hf,0.10082223266363144,0.1008768379688263,0.4932330827067669,0.33233082706766914
512,C00055690090vf,0.10082223266363144,0.1008768379688263,0.4766917293233083,0.5804511278195489
513,C00055880125hf,0.10082223266363144,0.1008768379688263,0.6218045112781955,0.6165413533834587
514,C00056380127vf,0.10082223266363144,0.1008768379688263,0.58796992481203,0.4932330827067669
515,C00056140110vf,0.10082223266363144,0.1008768379688263,0.5278195488721804,0.6586466165413534
516,C00056350057vf,0.10082223266363144,0.1008768379688263,0.47067669172932336,0.34285714285714286
517,C00055550115,0.10082223266363144,0.1008768379688263,0.5473684210526316,0.3368421052631579
518,C00055520139,0.10082223266363144,0.1008768379688263,0.6586466165413534,0.2887218045112782
519,C00055810096vf,0.10082223266363144,0.1008768379688263,0.6225563909774436,0.49548872180451126
520,C00055310107vf,0.10082223266363144,0.1008768379688263,0.5157894736842106,0.5924812030075188
521,C00056340091,0.10082223266363144,0.1008768379688263,0.4180451127819549,0.5894736842105263
522,C00056140098vf,0.10082223266363144,0.1008768379688263,0.5278195488721804,0.6586466165413534
523,C00055860036,0.10082223266363144,0.1008768379688263,0.5834586466165413,0.543609022556391
524,C00055370113vf,0.10082223266363144,0.1008768379688263,0.45563909774436095,0.4842105263157895
525,C00055310018,0.10082223266363144,0.1008768379688263,0.49022556390977445,0.5834586466165413
526,C00055730042,0.10082223266363144,0.1008768379688263,0.45037593984962404,0.4691729323308271
527,C00056560108vf,0.10082223266363144,0.1008768379688263,0.4759398496240601,0.46766917293233085
528,C00055730097,0.10082223266363144,0.1008768379688263,0.45037593984962404,0.4691729323308271
529,C00056040088vf,0.10082223266363144,0.1008768379688263,0.5556390977443608,0.3631578947368421
530,C00056340101hf,0.10082223266363144,0.1008768379688263,0.4180451127819549,0.41052631578947374
531,C00055820101vf,0.10082223266363144,0.1008768379688263,0.4744360902255639,0.681203007518797
532,C00056030077,0.10082223266363144,0.1008768379688263,0.49849624060150377,0.5255639097744361
533,C00056040112vf,0.10082223266363144,0.1008768379688263,0.5556390977443608,0.3631578947368421
534,C00056010077,0.10082223266363144,0.1008768379688263,0.5323308270676692,0.6135338345864662
535,C00055800107,0.10082223266363144,0.1008768379688263,0.40601503759398494,0.48721804511278194
536,C00056040092hf,0.10082223266363144,0.1008768379688263,0.4443609022556391,0.6368421052631579
537,C00055680094vf,0.10082223266363144,0.1008768379688263,0.5458646616541354,0.3827067669172932
538,C00055310074,0.10082223266363144,0.1008768379688263,0.4849624060150376,0.5924812030075188
539,C00056030016hf,0.10082223266363144,0.1008768379688263,0.49849624060150377,0.4721804511278196
540,C00055670098hf,0.10082223266363144,0.1008768379688263,0.5323308270676692,0.4285714285714286
541,C00055750043vf,0.10082223266363144,0.1008768379688263,0.6022556390977444,0.5255639097744361
542,C00055750048hf,0.10082223266363144,0.1008768379688263,0.4,0.4736842105263158
543,C00055320080,0.10082223266363144,0.1008768379688263,0.5233082706766917,0.5172932330827068
544,C00056110063hf,0.10082223266363144,0.1008768379688263,0.6165413533834586,0.5609022556390977
545,C00056560068hf,0.10082223266363144,0.1008768379688263,0.5240601503759399,0.5323308270676692
546,C00055550114,0.10082223266363144,0.1008768379688263,0.5473684210526316,0.3368421052631579
547,C00056370035,0.10082223266363144,0.1008768379688263,0.543609022556391,0.4263157894736842
548,C00055890099vf,0.10082223266363144,0.1008768379688263,0.4270676691729324,0.5661654135338345
549,C00055370082,0.10082223266363144,0.1008768379688263,0.5390977443609023,0.47593984962406016
550,C00056150093vf,0.10082223266363144,0.1008768379688263,0.5398496240601504,0.4270676691729323
551,C00055300093vf,0.10082223266363144,0.1008768379688263,0.6150375939849624,0.5293233082706766
552,C00055880063vf,0.10082223266363144,0.1008768379688263,0.38646616541353385,0.37894736842105264
553,C00055460076vf,0.10082223266363144,0.1008768379688263,0.5308270676691729,0.45714285714285713
554,C00055550056,0.10082223266363144,0.1008768379688263,0.5473684210526316,0.33383458646616543
555,C00055300082,0.10082223266363144,0.1008768379688263,0.3849624060150376,0.5293233082706766
556,C00055400033hf,0.10082223266363144,0.1008768379688263,0.48345864661654137,0.49699248120300754
557,C00055330060vf,0.10082223266363144,0.1008768379688263,0.5458646616541354,0.556390977443609
558,C00055480089hf,0.10082223266363144,0.1008768379688263,0.47218045112781953,0.4135338345864662
559,C00055670056vf,0.10082223266363144,0.1008768379688263,0.46691729323308273,0.5706766917293233
560,C00055470090,0.10082223266363144,0.1008768379688263,0.39097744360902253,0.49022556390977445
561,C00055810101,0.10082223266363144,0.1008768379688263,0.3774436090225564,0.49548872180451126
562,C00055550054hf,0.10082223266363144,0.1008768379688263,0.5481203007518797,0.6669172932330827
563,C00056030044hf,0.10082223266363144,0.1008768379688263,0.5045112781954887,0.4744360902255639
564,C00055820076hf,0.10082223266363144,0.1008768379688263,0.530827067669173,0.32330827067669177
565,C00055310014hf,0.10082223266363144,0.1008768379688263,0.49022556390977445,0.41654135338345866
566,C00056550084vf,0.10082223266363144,0.1008768379688263,0.5218045112781955,0.4992481203007519
567,C00056150048vf,0.10082223266363144,0.1008768379688263,0.5398496240601504,0.4270676691729323
568,C00055680087vf,0.10082223266363144,0.1008768379688263,0.5541353383458647,0.39398496240601505
569,C00056520068vf,0.10082223266363144,0.1008768379688263,0.368421052631579,0.5684210526315789
570,C00056040069,0.10082223266363144,0.1008768379688263,0.4443609022556391,0.3631578947368421
571,C00056560088vf,0.10082223266363144,0.1008768379688263,0.4759398496240601,0.46766917293233085
572,C00056340047,0.10082223266363144,0.1008768379688263,0.4180451127819549,0.5894736842105263
573,C00055460037,0.10082223266363144,0.1008768379688263,0.48721804511278194,0.49022556390977445
574,C00055370103vf,0.10082223266363144,0.1008768379688263,0.45563909774436095,0.48120300751879697
575,C00055900037vf,0.10082223266363144,0.1008768379688263,0.49022556390977445,0.49624060150375937
576,C00055320067hf,0.10082223266363144,0.1008768379688263,0.5225563909774437,0.4789473684210527
577,C00055880060hf,0.10082223266363144,0.1008768379688263,0.6135338345864662,0.6210526315789473
578,C00056310141hf,0.10082223266363144,0.1008768379688263,0.2736842105263158,0.5548872180451128
579,C00056060081,0.10082223266363144,0.1008768379688263,0.45112781954887216,0.6796992481203008
580,C00055390149vf,0.10082223266363144,0.1008768379688263,0.32330827067669177,0.4992481203007519
581,C00055740131,0.10082223266363144,0.1008768379688263,0.5593984962406015,0.3669172932330827
582,C00055800115vf,0.10082223266363144,0.1008768379688263,0.5932330827067669,0.48947368421052634
583,C00056100066,0.10082223266363144,0.1008768379688263,0.34887218045112783,0.512781954887218
584,C00055830067vf,0.10082223266363144,0.1008768379688263,0.5909774436090225,0.4917293233082707
585,C00055310117,0.10082223266363144,0.1008768379688263,0.4842105263157895,0.5924812030075188
586,C00055520058vf,0.10082223266363144,0.1008768379688263,0.33834586466165417,0.2879699248120301
587,C00055520057vf,0.10082223266363144,0.1008768379688263,0.33834586466165417,0.2887218045112782
588,C00055450094vf,0.10082223266363144,0.1008768379688263,0.4609022556390977,0.6285714285714286
589,C00056530080vf,0.10082223266363144,0.1008768379688263,0.4887218045112782,0.47518796992481205
590,C00056520084hf,0.10082223266363144,0.1008768379688263,0.631578947368421,0.43157894736842106
591,C00055460045,0.10082223266363144,0.1008768379688263,0.48721804511278194,0.49022556390977445
592,C00055470079hf,0.10082223266363144,0.1008768379688263,0.39097744360902253,0.5097744360902255
593,C00055390161vf,0.10082223266363144,0.1008768379688263,0.32330827067669177,0.4992481203007519
594,C00055860091hf,0.10082223266363144,0.1008768379688263,0.5804511278195489,0.4586466165413534
595,C00055320138,0.10082223266363144,0.1008768379688263,0.5233082706766917,0.5172932330827068
596,C00055540060hf,0.10082223266363144,0.1008768379688263,0.6511278195488722,0.4932330827067669
597,C00055390090vf,0.10082223266363144,0.1008768379688263,0.32556390977443606,0.49699248120300754
598,C00056540033,0.10082223266363144,0.1008768379688263,0.6398496240601503,0.5924812030075188
599,C00056320069hf,0.10082223266363144,0.1008768379688263,0.48120300751879697,0.4827067669172932
